"","fheight","sheight","predict"
"1",65.04851,59.77827,67.328038991
"2",63.25094,63.21404,66.403908254
"3",64.95532,63.34242,67.280130012
"4",65.7525,62.79238,67.68996025
"5",61.13723,64.28113,65.317249943
"6",63.02254,64.24221,66.286487814
"7",65.37053,64.08231,67.493589473
"8",64.72398,63.99574,67.161198118
"9",66.06509,64.61338,67.850662769
"10",66.96738,63.97944,68.314530058
"11",59.008,65.24451,64.2226128
"12",62.93203,65.35102,66.239956623
"13",63.67063,65.67992,66.619670883
"14",64.07386,65.43664,66.826971426
"15",64.68851,65.29391,67.142962991
"16",65.15466,64.79017,67.382610706
"17",66.37353,65.01881,68.009231773
"18",65.57704,65.5464,67.599756264
"19",67.36765,65.08145,68.520308865
"20",66.75929,65.49008,68.207550989
"21",67.79764,65.1352,68.741366724
"22",69.5348,65.51262,69.63444068
"23",62.54014,66.58436,66.038485974
"24",63.81016,66.37842,66.691403256
"25",64.4565,66.14782,67.02368665
"26",64.9665,65.97259,67.28587765
"27",64.70662,65.95887,67.152273342
"28",65.73829,66.45202,67.682654889
"29",65.50141,65.74797,67.560874881
"30",65.55416,65.97164,67.587993656
"31",66.90294,65.90548,68.281401454
"32",66.57388,65.90773,68.112231708
"33",66.53198,66.47103,68.090690918
"34",67.90613,65.75023,68.797141433
"35",68.29198,66.34666,68.995506918
"36",67.74123,66.08577,68.712366343
"37",68.46917,66.28037,69.086600297
"38",69.38327,66.34354,69.556539107
"39",71.81791,66.41711,70.808187531
"40",62.41615,67.22558,65.974742715
"41",64.49083,67.46394,67.041335703
"42",64.4876,66.99362,67.03967516
"43",63.92303,66.76647,66.749429723
"44",65.44592,67.0342,67.532347472
"45",65.02977,66.84316,67.318404757
"46",65.67038,69.2989,67.647742358
"47",68.66078,69.09114,69.185106998
"48",66.54597,61.66358,68.097883177
"49",64.85954,65.7288,67.230889514
"50",69.60692,68.98012,69.671517572
"51",64.8135,67.37397,67.20722035
"52",65.32703,67.17459,67.471226123
"53",65.83169,67.06712,67.730671829
"54",65.83427,67.29446,67.731998207
"55",65.56135,67.62665,67.591690035
"56",65.8688,67.47923,67.74975008
"57",65.77339,66.92162,67.700699799
"58",67.09116,67.58324,68.378165356
"59",66.61374,67.21191,68.132723734
"60",67.41075,66.81629,68.542466575
"61",67.27716,67.24268,68.473787956
"62",66.61134,67.51036,68.131489894
"63",68.17412,67.57026,68.934915092
"64",67.80555,67.17258,68.745433255
"65",68.32529,67.54129,69.012631589
"66",68.07787,67.37113,68.885432967
"67",68.96795,67.59714,69.343023095
"68",68.9255,67.25104,69.32119955
"69",69.60862,66.82533,69.672391542
"70",70.35646,66.72679,70.056856086
"71",70.00643,66.92996,69.876905663
"72",72.75425,67.64847,71.289559925
"73",62.82147,68.04291,66.183117727
"74",62.86855,68.4885,66.207321555
"75",63.91261,68.04777,66.744072801
"76",64.54118,68.34573,67.067220638
"77",64.51906,68.33829,67.055848746
"78",66.02688,68.3138,67.831019008
"79",65.81011,68.18333,67.719577551
"80",66.01812,68.51056,67.826515492
"81",65.53742,68.12014,67.579387622
"82",65.73346,68.31563,67.680171786
"83",66.77424,68.04774,68.215236784
"84",66.67869,68.61273,68.166114529
"85",66.97585,67.9425,68.318884485
"86",66.94021,68.08381,68.300561961
"87",66.84575,68.36754,68.252000075
"88",67.12008,67.85181,68.393033128
"89",67.74181,68.19806,68.712664521
"90",68.27194,68.01897,68.985204354
"91",67.60691,68.23431,68.643312431
"92",68.44737,67.89742,69.075392917
"93",67.65832,68.62409,68.669742312
"94",68.71193,67.97912,69.211403213
"95",69.32025,68.2668,69.524140525
"96",68.7403,67.94192,69.22598823
"97",69.13395,68.62072,69.428363695
"98",69.34995,68.23857,69.539409295
"99",68.6297,68.58554,69.16912877
"100",69.58258,68.06568,69.659004378
"101",70.39517,68.38188,70.076756897
"102",71.19284,67.75943,70.486839044
"103",70.82429,68.59991,70.297367489
"104",71.65367,67.91483,70.723751747
"105",73.28133,67.83861,71.560531753
"106",63.03753,68.77562,66.294194173
"107",63.66428,69.60782,66.616406348
"108",65.38311,69.69143,67.500056851
"109",64.60205,69.41491,67.098513905
"110",66.40661,69.68931,68.026238201
"111",65.76985,69.20775,67.698879885
"112",65.66729,69.45627,67.646153789
"113",66.05712,69.59614,67.846565392
"114",66.54635,69.27994,68.098078535
"115",66.5723,69.52338,68.11141943
"116",66.64876,68.74406,68.150727516
"117",67.71899,69.30987,68.700932759
"118",68.48726,69.22571,69.095900366
"119",67.82769,69.24073,68.756815429
"120",67.55801,69.4912,68.618172941
"121",68.07763,69.11921,68.885309583
"122",69.16715,68.93751,69.445431815
"123",68.693,69.45774,69.2016713
"124",68.61779,69.27599,69.163005839
"125",68.64797,69.22869,69.178521377
"126",68.61666,68.70547,69.162424906
"127",70.36485,69.34638,70.061169385
"128",70.0099,68.87137,69.87868959
"129",70.13984,69.30262,69.945491744
"130",70.2073,69.1579,69.98017293
"131",71.28063,69.62727,70.531971883
"132",70.90445,69.11014,70.338577745
"133",72.19036,69.09596,70.999664076
"134",74.96203,69.03281,72.424579623
"135",64.88218,69.85677,67.242528738
"136",65.55174,70.06274,67.586749534
"137",65.65889,69.89765,67.641835349
"138",65.92826,70.26185,67.780318466
"139",65.94198,70.52663,67.787371918
"140",67.43646,70.52744,68.555684086
"141",67.48444,69.7865,68.580350604
"142",67.61344,70.36684,68.646669504
"143",68.4518,69.97604,69.07767038
"144",68.49456,69.83308,69.099653296
"145",68.1056,70.69951,68.89968896
"146",69.48308,70.16871,69.607851428
"147",69.07389,70.11632,69.397486849
"148",69.39251,69.95433,69.561289391
"149",69.44294,70.31279,69.587215454
"150",69.52131,69.80903,69.627505471
"151",70.15463,69.96792,69.953095283
"152",69.86911,69.93939,69.806309451
"153",70.44394,69.73486,70.101829554
"154",70.85393,70.08397,70.312605413
"155",71.30074,70.01015,70.542310434
"156",72.13978,70.65025,70.973660898
"157",72.19045,70.01253,70.999710345
"158",75.43393,70.09077,72.667183413
"159",64.51788,71.34319,67.055242108
"160",66.36335,70.81542,68.003998235
"161",65.56855,71.44929,67.595391555
"162",66.78957,71.18676,68.223117937
"163",66.91193,71.66276,68.286023213
"164",68.1714,71.39516,68.93351674
"165",67.50102,70.73612,68.588874382
"166",67.83492,71.2608,68.760532372
"167",68.95255,71.04721,69.335105955
"168",69.26,71.2592,69.493166
"169",68.74223,70.89486,69.226980443
"170",69.74288,71.31732,69.741414608
"171",70.29942,71.55712,70.027531822
"172",70.04402,71.17701,69.896230682
"173",70.23559,71.03412,69.994716819
"174",70.88075,71.37275,70.326393575
"175",71.19091,71.64741,70.485846831
"176",72.37396,71.1205,71.094052836
"177",73.03345,70.91756,71.433096645
"178",74.8083,71.66455,72.34554703
"179",67.39521,72.39198,68.534477461
"180",67.31523,71.87928,68.493359743
"181",67.77952,72.34482,68.732051232
"182",69.33827,72.17265,69.533404607
"183",68.72404,72.52078,69.217628964
"184",69.98991,71.98836,69.868412731
"185",69.75383,72.34482,69.747044003
"186",70.65942,72.45347,70.212607822
"187",71.10882,72.26945,70.443644362
"188",72.4811,71.96844,71.14913351
"189",72.4801,72.18169,71.14861941
"190",67.52214,72.7864,68.599732174
"191",68.23931,73.0414,68.968429271
"192",68.7997,72.87858,69.25652577
"193",69.89568,73.17304,69.819969088
"194",71.48641,73.63274,70.637763381
"195",70.76482,72.88245,70.266793962
"196",71.9137,73.18148,70.85743317
"197",63.08399,74.3209,66.318079259
"198",68.23241,74.40727,68.964881981
"199",70.05787,73.76791,69.903350967
"200",70.83996,73.92119,70.305423436
"201",72.56944,73.75503,71.194549104
"202",67.93353,75.56214,68.811227773
"203",67.54033,75.70222,68.609083653
"204",72.79855,77.21338,71.312334555
"205",62.67482,61.28882,66.107724962
"206",68.19196,74.28343,68.944086636
"207",65.07215,70.93102,67.340192315
"208",73.42952,75.34802,71.636716232
"209",62.94125,61.78758,66.244696625
"210",62.53667,64.00009,66.036702047
"211",69.90248,62.4658,69.823464968
"212",71.07217,73.70465,70.424802597
"213",71.11059,66.3495,70.444554319
"214",69.48402,62.20543,69.608334682
"215",70.18338,65.421,69.967875658
"216",65.46124,63.9922,67.540223484
"217",62.04073,62.78458,65.781739293
"218",63.60063,63.52486,66.583683883
"219",65.60613,63.49966,67.614711433
"220",68.02969,62.89658,68.860663629
"221",61.81571,63.72784,65.666056511
"222",63.78886,63.73231,66.680452926
"223",64.89023,64.39579,67.246667243
"224",65.79072,63.70072,67.709609152
"225",66.42371,64.44796,68.035029311
"226",68.80877,64.2795,69.261188657
"227",61.76521,65.18412,65.640094461
"228",64.30302,65.10118,66.944782582
"229",63.69064,65.56277,66.629958024
"230",64.99662,64.94454,67.301362342
"231",65.34899,65.14227,67.482515759
"232",64.81278,65.16843,67.206850198
"233",65.71736,65.58149,67.671894776
"234",66.03148,65.63474,67.833383868
"235",67.04912,64.87191,68.356552592
"236",67.77522,65.4176,68.729840602
"237",69.04964,64.7231,69.385019924
"238",62.1833,65.84559,65.85503453
"239",62.76393,65.77333,66.153536413
"240",63.88391,66.67371,66.729318131
"241",65.41055,66.54726,67.514163755
"242",64.62347,66.43228,67.109525927
"243",65.64621,66.3326,67.635316561
"244",66.16257,66.24935,67.900777237
"245",65.99538,66.39759,67.814824858
"246",65.79786,66.69366,67.713279826
"247",67.42936,66.22114,68.552033976
"248",67.11933,66.43499,68.392647553
"249",67.32907,66.65758,68.500474887
"250",67.86233,65.76873,68.774623853
"251",68.31609,66.20784,69.007901869
"252",67.96359,66.30166,68.826681619
"253",68.68615,65.81894,69.198149715
"254",71.18085,66.34562,70.480674985
"255",62.4296,66.88369,65.98165736
"256",62.88524,66.8162,66.215901884
"257",64.07313,67.36245,66.826596133
"258",63.88597,67.68308,66.730377177
"259",64.8272,67.19885,67.21426352
"260",65.39653,67.26903,67.506956073
"261",64.77344,67.45131,67.186625504
"262",68.66581,68.95907,69.187692921
"263",65.19783,62.013,67.404804403
"264",64.32621,64.10658,66.956704561
"265",66.08278,66.00879,67.859757198
"266",69.01679,65.77796,69.368131739
"267",64.50194,66.94446,67.047047354
"268",66.07654,66.81229,67.856549214
"269",65.73631,67.01431,67.681636971
"270",66.45485,67.43705,68.051038385
"271",65.63018,66.8442,67.627075538
"272",66.39423,67.25391,68.019873643
"273",67.33687,67.52273,68.504484867
"274",66.83938,67.17782,68.248725258
"275",66.69739,67.6068,68.175728199
"276",67.34708,66.8991,68.509733828
"277",67.35319,66.74675,68.512874979
"278",67.93575,67.16928,68.812369075
"279",67.76608,67.23833,68.725141728
"280",68.11569,66.75589,68.904876229
"281",68.2548,66.79828,68.97639268
"282",68.83427,67.488,69.274298207
"283",69.40758,67.1104,69.569036878
"284",69.32068,67.06455,69.524361588
"285",70.48,66.93899,70.120368
"286",70.06429,67.54723,69.906651489
"287",70.63764,66.85662,70.201410724
"288",62.41134,67.70971,65.972269894
"289",63.15274,67.88296,66.353423634
"290",63.51409,68.66534,66.539193669
"291",63.91446,68.58164,66.745023886
"292",64.61683,68.44493,67.106112303
"293",64.86185,68.41199,67.232077085
"294",65.91332,68.44665,67.772637812
"295",66.1992,68.38258,67.91960872
"296",66.45978,67.92987,68.053572898
"297",65.50286,68.3033,67.561620326
"298",66.87795,67.97479,68.268554095
"299",67.0791,68.18304,68.37196531
"300",66.83256,68.57984,68.245219096
"301",67.18231,68.56974,68.425025571
"302",66.51763,67.81854,68.083313583
"303",66.95295,67.8796,68.307111595
"304",66.63586,68.22794,68.144095626
"305",68.18453,68.01258,68.940266873
"306",67.60565,67.85023,68.642664665
"307",68.27918,67.80077,68.988926438
"308",67.97994,68.59968,68.835087154
"309",69.00094,68.08671,69.359983254
"310",69.31139,67.87656,69.519585599
"311",68.88641,68.47849,69.301103381
"312",68.94824,68.60006,69.332890184
"313",69.42186,68.07838,69.576378226
"314",69.49516,68.08199,69.614061756
"315",70.34647,67.73211,70.051720227
"316",69.92358,68.4132,69.834312478
"317",70.69078,68.59541,70.228729998
"318",70.56571,68.28458,70.164431511
"319",72.40997,68.06489,71.112565577
"320",72.47685,68.41445,71.146948585
"321",62.72118,69.36998,66.131558638
"322",63.9001,69.00435,66.73764141
"323",64.50433,69.37297,67.048276053
"324",64.81813,68.89496,67.209600633
"325",65.37582,69.37382,67.496309062
"326",65.82612,69.34415,67.727808292
"327",66.29436,68.96686,67.968530476
"328",65.81042,69.59887,67.719736922
"329",66.80854,69.24597,68.232870414
"330",67.16724,69.68301,68.417278084
"331",67.30525,68.90541,68.488229025
"332",67.54577,69.07283,68.611880357
"333",67.86855,69.03297,68.777821555
"334",68.35003,69.18202,69.025350423
"335",67.60818,69.64233,68.643965338
"336",68.48397,68.82818,69.094208977
"337",68.56724,69.24165,69.137018084
"338",69.07405,69.10265,69.397569105
"339",68.56831,68.98512,69.137568171
"340",69.15373,69.31551,69.438532593
"341",68.60744,69.20435,69.157684904
"342",68.5443,68.93765,69.12522463
"343",69.65536,69.36661,69.696420576
"344",70.41632,68.71181,70.087630112
"345",69.97528,68.75662,69.860891448
"346",70.26613,69.35439,70.010417433
"347",71.31667,69.42891,70.550500047
"348",71.29178,69.52003,70.537704098
"349",72.59442,69.2275,71.207391322
"350",64.40268,69.95069,66.996017788
"351",64.9127,69.9199,67.25821907
"352",66.34756,69.98123,67.995880596
"353",66.04291,69.74222,67.839260031
"354",65.69477,69.82326,67.660281257
"355",66.71512,69.90223,68.184843192
"356",66.64971,70.2992,68.151215911
"357",68.33241,69.83745,69.016291981
"358",67.94335,69.94847,68.816276235
"359",67.96734,70.27479,68.828609494
"360",68.27657,70.67752,68.987584637
"361",68.75008,70.38903,69.231016128
"362",69.05441,70.37578,69.387472181
"363",69.00755,70.60668,69.363381455
"364",69.39488,70.16921,69.562507808
"365",69.7628,69.85223,69.75165548
"366",69.6464,70.23353,69.69181424
"367",70.45427,70.28373,70.107140207
"368",69.89852,70.33881,69.821429132
"369",70.984,69.81443,70.3794744
"370",71.22015,70.54739,70.500879115
"371",71.45442,69.96746,70.621317322
"372",71.60966,69.73702,70.701126206
"373",73.20296,69.8604,71.520241736
"374",63.89132,70.87111,66.733127612
"375",65.99384,71.36657,67.814033144
"376",66.0424,71.1878,67.83899784
"377",67.47658,70.75001,68.576309778
"378",66.68527,70.72998,68.169497307
"379",68.27034,71.32092,68.984381794
"380",67.72898,70.88794,68.706068618
"381",68.28372,70.9085,68.991260452
"382",68.39453,70.87662,69.048227873
"383",69.12925,71.19803,69.425947425
"384",69.10844,71.31925,69.415249004
"385",69.74196,71.22916,69.740941636
"386",69.9987,71.35939,69.87293167
"387",69.56148,71.60205,69.648156868
"388",69.97779,70.97309,69.862181839
"389",70.88691,71.1886,70.329560431
"390",70.64687,71.40319,70.206155867
"391",72.26404,71.39524,71.037542964
"392",71.50569,70.88752,70.647675229
"393",73.01402,71.27449,71.423107682
"394",66.20254,72.10289,67.921325814
"395",67.26312,72.03197,68.466569992
"396",67.8086,71.9969,68.74700126
"397",69.08284,71.72577,69.402088044
"398",69.35107,71.92914,69.539985087
"399",69.59962,72.20518,69.667764642
"400",70.08948,72.29401,69.919601668
"401",70.18385,72.5854,69.968117285
"402",71.26955,72.04673,70.526275655
"403",72.07717,71.80541,70.941473097
"404",72.33894,71.80464,71.076049054
"405",67.06776,73.06559,68.366135416
"406",67.85929,73.44548,68.773060989
"407",69.07274,73.19223,69.396895634
"408",69.59893,73.37471,69.667409913
"409",69.73728,73.22554,69.738535648
"410",70.54066,72.88357,70.151553306
"411",72.40962,72.77826,71.112385642
"412",72.78889,73.26989,71.307368349
"413",68.10144,73.96165,68.897550304
"414",68.6106,74.64342,69.15930946
"415",71.293,73.92565,70.5383313
"416",72.09445,74.58767,70.950356745
"417",74.69236,74.31029,72.285942276
"418",71.16246,75.10003,70.471220686
"419",68.30804,77.15504,69.003763364
"420",60.41857,60.78204,64.947786837
"421",63.94459,62.36303,66.760513719
"422",63.06849,66.40186,66.310110709
"423",63.98036,58.50708,66.778903076
"424",73.89524,70.00052,71.876142884
"425",72.03687,70.99433,70.920754867
"426",61.02471,64.96417,65.259403411
"427",65.39914,70.47639,67.508297874
"428",71.96564,69.23383,70.884135524
"429",71.29643,64.90184,70.540094663
"430",65.15837,68.7749,67.384518017
"431",68.90263,69.85805,69.309442083
"432",64.45192,62.52373,67.021332072
"433",63.99469,63.28805,66.786270129
"434",66.46124,63.52861,68.054323484
"435",67.12556,62.87456,68.395850396
"436",62.27941,63.91754,65.904444681
"437",63.8488,64.32325,66.71126808
"438",65.43612,64.22405,67.527309292
"439",65.62145,64.59643,67.622587445
"440",66.16956,64.28548,67.904370796
"441",67.62675,63.78835,68.653512175
"442",60.21393,65.66404,64.842581413
"443",62.99378,64.80838,66.271702298
"444",63.57239,65.63528,66.569165699
"445",65.15088,64.74897,67.380667408
"446",65.13462,64.79081,67.372308142
"447",64.79732,65.10988,67.198902212
"448",66.24856,65.55215,67.944984696
"449",66.22743,65.30083,67.934121763
"450",66.6056,65.1426,68.12853896
"451",67.99167,65.09433,68.841117547
"452",69.04862,64.81397,69.384495542
"453",62.12902,65.95058,65.827129182
"454",63.16227,66.37511,66.358323007
"455",64.45497,66.38624,67.022900077
"456",63.75483,66.31904,66.662958103
"457",64.63959,65.80919,67.117813219
"458",64.59106,66.09556,67.092863946
"459",66.06003,66.49077,67.848061423
"460",65.98544,66.32632,67.809714704
"461",65.66176,66.59779,67.643310816
"462",67.11501,66.00909,68.390426641
"463",67.31302,66.45585,68.492223582
"464",67.16149,66.00818,68.414322009
"465",68.38679,66.46605,69.044248739
"466",67.64175,66.37783,68.661223675
"467",67.55466,66.34685,68.616450706
"468",68.53614,66.31558,69.121029574
"469",70.02702,66.62303,69.887490982
"470",61.07412,66.79229,65.284805092
"471",62.72387,67.5336,66.132941567
"472",64.28642,67.15587,66.936248522
"473",64.11073,66.78051,66.845926293
"474",63.68318,67.25544,66.626122838
"475",64.68393,66.79006,67.140608413
"476",64.66753,66.88298,67.132177173
"477",67.95848,68.1121,68.824054568
"478",64.60933,63.61572,67.102256553
"479",66.07775,63.17978,67.857171275
"480",65.25267,65.67211,67.432997647
"481",69.67201,67.23403,69.704980341
"482",65.33965,67.4089,67.477714065
"483",65.54375,67.57913,67.582641875
"484",66.1112,67.20643,67.87436792
"485",66.22968,67.10018,67.935278488
"486",66.00879,66.80557,67.821718939
"487",66.03248,67.09308,67.833897968
"488",65.94624,66.91372,67.789561984
"489",67.09734,66.77528,68.381342494
"490",66.98893,66.97572,68.325608913
"491",67.38837,67.66639,68.530961017
"492",67.4075,67.62089,68.54079575
"493",67.31108,67.66841,68.491226228
"494",68.27151,67.32572,68.984983291
"495",68.33586,67.04153,69.018065626
"496",67.56752,66.96445,68.623062032
"497",68.23182,67.07223,68.964578662
"498",69.07604,67.169,69.398592164
"499",68.77033,67.48077,69.241426653
"500",70.49154,67.67057,70.126300714
"501",70.00767,66.86465,69.877543147
"502",69.52007,67.04437,69.626867987
"503",61.50617,67.72523,65.506921997
"504",62.93875,68.52969,66.243411375
"505",64.10318,67.8741,66.842044838
"506",63.85157,67.84693,66.712692137
"507",65.08731,68.26632,67.347986071
"508",64.62588,68.18364,67.110764908
"509",65.8912,68.55723,67.76126592
"510",66.24386,67.77137,67.942568426
"511",65.66031,67.92976,67.642565371
"512",66.05344,67.72522,67.844673504
"513",66.30711,67.98916,67.975085251
"514",67.15303,68.0679,68.409972723
"515",66.90986,67.772,68.284959026
"516",66.89436,68.11035,68.276990476
"517",66.56566,68.16623,68.108005806
"518",67.23789,68.61054,68.453599249
"519",67.05684,68.2893,68.360521444
"520",67.94515,68.38263,68.817201615
"521",67.94026,68.6212,68.814687666
"522",67.84234,68.27802,68.764346994
"523",67.91887,67.93914,68.803691067
"524",68.63961,67.7105,69.174223501
"525",68.60477,68.351,69.156312257
"526",69.04036,68.14712,69.380249076
"527",69.03336,67.97421,69.376650376
"528",69.12497,68.23682,69.423747077
"529",68.53779,68.05699,69.121877839
"530",70.24335,68.49856,69.998706235
"531",69.84308,68.58894,69.792927428
"532",69.90057,67.74098,69.822483037
"533",71.48946,68.69765,70.639331386
"534",72.37013,68.63531,71.092083833
"535",71.94413,68.37844,70.873077233
"536",61.01904,69.11352,65.256488464
"537",63.0108,69.35385,66.28045228
"538",64.5793,69.5135,67.08681813
"539",65.39658,69.11,67.506981778
"540",64.84995,69.64324,67.225959295
"541",65.54542,69.40655,67.583500422
"542",65.56421,69.18575,67.593160361
"543",66.09747,68.80709,67.867309327
"544",67.40602,69.11679,68.540034882
"545",66.5839,69.02706,68.11738299
"546",67.41035,69.05703,68.542260935
"547",67.21634,69.14581,68.442520394
"548",68.23175,68.7308,68.964542675
"549",67.88053,68.9798,68.783980473
"550",68.0153,68.95303,68.85326573
"551",67.69332,69.1639,68.687735812
"552",68.85462,68.81649,69.284760142
"553",68.73264,68.73746,69.222050224
"554",69.0711,69.00102,69.39605251
"555",68.79964,69.28222,69.256494924
"556",68.79876,69.37676,69.256042516
"557",69.32241,68.90879,69.525250981
"558",69.60923,69.32318,69.672705143
"559",69.76071,69.63872,69.750581011
"560",70.1611,69.43581,69.95642151
"561",70.12109,68.97885,69.935852369
"562",71.10802,69.54252,70.443233082
"563",71.44164,68.73497,70.614747124
"564",71.75006,69.20127,70.773305846
"565",64.35591,70.36167,66.971973331
"566",65.16253,70.10118,67.386656673
"567",66.09529,70.39507,67.866188589
"568",65.78674,70.03877,67.707563034
"569",65.53927,69.76556,67.580338707
"570",66.71703,70.39131,68.185825123
"571",67.17284,70.0372,68.420157044
"572",67.16853,70.25908,68.417941273
"573",68.06061,69.87081,68.876559601
"574",67.85988,70.69845,68.773364308
"575",68.1968,70.25756,68.94657488
"576",69.29537,69.7177,69.511349717
"577",68.84067,70.31993,69.277588447
"578",69.18095,69.95735,69.452526395
"579",68.69659,69.72691,69.203516919
"580",69.45833,70.22698,69.595127453
"581",70.0483,70.02038,69.89843103
"582",69.6916,70.32035,69.71505156
"583",70.20658,70.39947,69.979802778
"584",70.79086,69.78074,70.280181126
"585",70.87977,69.7598,70.325889757
"586",71.30702,70.53827,70.545538982
"587",72.3266,70.03449,71.06970506
"588",72.7824,70.59135,71.30403184
"589",64.40052,71.13378,66.994907332
"590",64.89121,71.15371,67.247171061
"591",65.84506,71.03018,67.737545346
"592",67.35461,70.93936,68.513605001
"593",67.44953,70.78603,68.562403373
"594",67.86439,71.50695,68.775682899
"595",67.92443,71.57023,68.806549463
"596",68.49998,70.83563,69.102439718
"597",67.60602,70.96118,68.642854882
"598",69.37288,71.55428,69.551197608
"599",69.34931,71.08274,69.539080271
"600",69.48306,71.49587,69.607841146
"601",70.21887,71.36997,69.986121067
"602",70.02161,71.49891,69.884709701
"603",69.83698,71.01177,69.789791418
"604",69.6041,71.62784,69.67006781
"605",71.49829,71.36701,70.643870889
"606",72.16894,71.23426,70.988652054
"607",72.41045,70.90129,71.112812345
"608",72.52521,71.53087,71.171810461
"609",64.6702,72.441,67.13354982
"610",66.78417,72.5999,68.220341797
"611",67.83401,71.79167,68.760064541
"612",68.15907,72.00806,68.927177887
"613",69.19301,72.01746,69.458726441
"614",68.86739,72.44981,69.291325199
"615",70.11126,71.92864,69.930798766
"616",70.12007,72.0908,69.935327987
"617",71.03691,72.57398,70.406675431
"618",71.43196,72.53335,70.609770636
"619",72.04564,71.78483,70.925263524
"620",72.738,72.57594,71.2812058
"621",68.02564,73.06795,68.858581524
"622",69.04939,73.18852,69.384891399
"623",68.86356,73.39371,69.289356196
"624",69.63421,73.3754,69.685547361
"625",71.24085,73.67679,70.511520985
"626",71.95679,72.84789,70.879585739
"627",72.89983,72.99608,71.364402603
"628",65.86028,74.67822,67.745369948
"629",68.48883,73.8507,69.096707503
"630",70.72676,74.35692,70.247227316
"631",72.34582,73.99906,71.079586062
"632",72.59922,73.92525,71.209859002
"633",68.82986,75.67784,69.272031026
"634",73.49987,76.10484,71.672883167
"635",70.0599,78.2476,69.90439459
"636",67.9291,61.89619,68.80895031
"637",64.66998,69.86215,67.133436718
"638",60.7795,62.26801,65.13334095
"639",74.94058,71.40839,72.413552178
"640",70.64925,71.60925,70.207379425
"641",60.91526,65.51351,65.203135166
"642",65.28934,71.86574,67.451849694
"643",71.362,71.16645,70.5738042
"644",71.66893,64.53321,70.731596913
"645",62.68868,65.25053,66.114850388
"646",71.39326,69.62871,70.589874966
"647",66.56302,65.10223,68.106648582
"648",67.18788,61.03526,68.427889108
"649",62.532,63.12132,66.0343012
"650",64.85512,63.5968,67.228617192
"651",66.94161,63.47848,68.301281701
"652",62.3603,63.83162,65.94603023
"653",63.58145,64.18388,66.573823445
"654",65.44633,64.66888,67.532558253
"655",65.00539,64.06363,67.305870999
"656",66.43717,64.38072,68.041949097
"657",66.6676,64.60295,68.16041316
"658",59.4898,64.81735,64.47030618
"659",63.00108,65.22864,66.275455228
"660",64.0892,65.62354,66.83485772
"661",64.0753,65.62755,66.82771173
"662",64.52103,64.8584,67.056861523
"663",65.19231,65.6482,67.401966571
"664",66.30604,65.6904,67.974535164
"665",66.03081,65.58218,67.833039421
"666",66.83096,65.08945,68.244396536
"667",68.19724,64.87234,68.946801084
"668",68.6599,65.68794,69.18465459
"669",61.29369,66.54461,65.397686029
"670",63.26089,66.23255,66.409023549
"671",63.86162,65.91034,66.717858842
"672",64.13176,66.29882,66.856737816
"673",64.81105,66.33603,67.205960805
"674",64.55987,66.19024,67.076829167
"675",66.19437,66.12728,67.917125617
"676",66.5,66.1938,68.07425
"677",66.43436,65.82389,68.040504476
"678",67.30468,66.61389,68.487935988
"679",67.36559,66.45299,68.519249819
"680",67.29162,66.25633,68.481221842
"681",67.69874,66.53703,68.690522234
"682",68.38221,66.28457,69.041894161
"683",67.76712,65.90354,68.725676392
"684",69.29587,66.61969,69.511606767
"685",69.66477,66.59349,69.701258257
"686",60.03436,67.30641,64.750264476
"687",62.1356,67.41523,65.83051196
"688",63.64047,67.51658,66.604165627
"689",63.82278,66.94071,66.697891198
"690",64.46555,67.11246,67.028339255
"691",64.73798,66.99107,67.168395518
"692",65.43021,66.94124,67.524270961
"693",65.07381,68.06898,67.341045721
"694",69.29517,67.47908,69.511246897
"695",67.67996,63.00731,68.680867436
"696",64.94267,67.40208,67.273626647
"697",69.47933,68.75691,69.605923553
"698",65.05963,66.90827,67.333755783
"699",65.01253,67.28305,67.309541673
"700",65.61963,67.15978,67.621651783
"701",65.94819,67.12405,67.790564479
"702",65.68803,67.07313,67.656816223
"703",65.87689,67.17665,67.753909149
"704",65.91481,66.74724,67.773403821
"705",67.41946,66.81865,68.546944386
"706",66.53833,67.43735,68.093955453
"707",67.41995,67.37322,68.547196295
"708",67.21977,66.96049,68.444283757
"709",67.33721,67.40154,68.504659661
"710",68.11283,66.91834,68.903405903
"711",68.02017,66.93007,68.855769397
"712",68.02829,66.78425,68.859943889
"713",68.35139,66.7842,69.026049599
"714",68.80254,67.15158,69.257985814
"715",69.49307,67.45025,69.612987287
"716",70.2297,67.68985,69.99168877
"717",69.71997,67.13767,69.729636577
"718",70.16651,67.60589,69.959202791
"719",61.07369,67.96334,65.284584029
"720",62.66947,68.65674,66.104974527
"721",64.32254,68.42972,66.954817814
"722",64.27362,68.01111,66.929668042
"723",64.96148,68.61891,67.283296868
"724",64.77222,68.50647,67.185998302
"725",66.2365,67.77439,67.93878465
"726",66.10686,68.09837,67.872136726
"727",66.42772,68.19228,68.037090852
"728",66.22727,68.54918,67.934039507
"729",65.87574,68.59413,67.753317934
"730",67.03017,68.65282,68.346810397
"731",67.48545,68.40294,68.580869845
"732",66.7367,68.54259,68.19593747
"733",66.69181,68.59444,68.172859521
"734",67.31766,67.87885,68.494609006
"735",67.1219,68.0454,68.39396879
"736",67.82592,67.96346,68.755905472
"737",68.4376,68.55092,69.07037016
"738",67.74551,68.07785,68.714566691
"739",68.0934,67.93252,68.89341694
"740",67.71665,68.5916,68.699729765
"741",68.99349,67.90891,69.356153209
"742",69.24616,68.63842,69.486050856
"743",69.2828,68.6514,69.50488748
"744",69.26254,68.40634,69.494471814
"745",68.75605,68.19563,69.234085305
"746",69.62519,68.3391,69.680910179
"747",69.61942,68.13175,69.677943822
"748",69.94715,67.79551,69.846429815
"749",70.58916,68.24471,70.176487156
"750",72.34058,67.96366,71.076892178
"751",71.56142,68.02669,70.676326022
"752",72.94457,68.07695,71.387403437
"753",63.33777,69.23339,66.448547557
"754",64.3445,69.22874,66.96610745
"755",65.14077,68.9062,67.375469857
"756",65.2424,69.33247,67.42771784
"757",65.90397,69.53206,67.767830977
"758",65.98763,69.02418,67.810840583
"759",65.57065,69.26288,67.596471165
"760",65.82733,69.55433,67.728430353
"761",66.88576,69.3664,68.272569216
"762",66.98594,68.96569,68.324071754
"763",67.41537,69.33038,68.544841717
"764",67.93319,69.10425,68.811052979
"765",67.77812,69.29199,68.731331492
"766",68.44999,69.26009,69.076739859
"767",68.32281,68.71424,69.011356621
"768",68.35148,69.48488,69.026095868
"769",68.73678,69.48141,69.224178598
"770",68.97673,68.88311,69.347536893
"771",69.31931,68.83524,69.523657271
"772",68.80442,69.42378,69.258952322
"773",68.90434,68.82387,69.310321194
"774",69.80381,69.06951,69.772738721
"775",69.66712,69.18528,69.702466392
"776",70.38052,69.26989,70.069225332
"777",70.29892,68.83727,70.027274772
"778",71.02634,69.11594,70.401241394
"779",71.28432,69.39569,70.533868912
"780",72.03259,68.70258,70.918554519
"781",63.26539,70.39288,66.411336999
"782",64.87623,70.49606,67.239469843
"783",65.72722,70.11817,67.676963802
"784",66.13831,69.75304,67.888305171
"785",66.48902,70.25238,68.068605182
"786",66.06395,70.28837,67.850076695
"787",66.73532,69.71807,68.195228012
"788",67.12329,70.13835,68.394683389
"789",67.57161,70.41752,68.625164701
"790",68.18286,69.91638,68.939408326
"791",68.33868,69.7803,69.019515388
"792",68.14658,69.90789,68.920756778
"793",69.17022,70.29221,69.447010102
"794",69.17597,70.20136,69.449966177
"795",68.52789,70.42766,69.116788249
"796",68.84874,70.40239,69.281737234
"797",69.69833,70.65713,69.718511453
"798",69.86528,69.7276,69.804340448
"799",70.48646,70.45174,70.123689086
"800",71.16238,70.52536,70.471179558
"801",70.58946,70.45682,70.176641386
"802",70.54353,70.52011,70.153028773
"803",72.38576,70.25621,71.100119216
"804",73.18522,70.32714,71.511121602
"805",64.12344,71.39933,66.852460504
"806",64.62855,71.03487,67.112137555
"807",65.74244,71.61276,67.684788404
"808",67.11563,70.90129,68.390745383
"809",66.81497,71.36831,68.236176077
"810",68.38001,71.46158,69.040763141
"811",68.33835,71.22939,69.019345735
"812",68.25066,71.59368,68.974264306
"813",68.36488,71.6476,69.032984808
"814",68.67873,71.33885,69.194335093
"815",68.70293,71.13133,69.206776313
"816",69.0466,71.52388,69.38345706
"817",70.17375,70.95837,69.962924875
"818",69.86849,71.48199,69.805990709
"819",70.15821,70.85433,69.954935761
"820",70.24204,71.41922,69.998032764
"821",71.41811,71.30872,70.602650351
"822",70.66031,71.22321,70.213065371
"823",72.42614,71.4506,71.120878574
"824",73.04341,70.76122,71.438217081
"825",64.6891,72.65576,67.14326631
"826",67.09928,71.96434,68.382339848
"827",67.79858,72.3071,68.741849978
"828",68.37299,72.2446,69.037154159
"829",69.19364,72.38029,69.459050324
"830",68.5938,72.04211,69.15067258
"831",69.86969,71.77644,69.806607629
"832",70.17952,72.54877,69.965891232
"833",70.51811,72.57381,70.139960351
"834",71.00743,71.90584,70.391519763
"835",71.83086,72.62022,70.814845126
"836",72.81121,72.4218,71.318843061
"837",67.95451,73.13823,68.822013591
"838",67.81317,73.60773,68.749350697
"839",69.32812,73.2649,69.528186492
"840",70.45127,73.0769,70.105597907
"841",71.38916,73.69792,70.587767156
"842",72.31022,73.60551,71.061284102
"843",71.8821,72.87015,70.84118761
"844",64.61601,73.90142,67.105690741
"845",67.75382,74.32431,68.718838862
"846",69.90335,73.87776,69.823912235
"847",70.87039,74.20972,70.321067499
"848",72.71533,74.47833,71.269551153
"849",69.03942,75.07304,69.379765822
"850",72.44463,76.3516,71.130384283
"851",69.07253,78.36479,69.396787673
"852",70.1758,61.22021,69.96397878
"853",72.37219,72.63356,71.093142879
"854",59.63777,64.94291,64.546377557
"855",73.27737,73.02984,71.558495917
"856",68.12621,71.81569,68.910284561
"857",63.15234,65.29123,66.353217994
"858",66.00489,60.90911,67.819713949
"859",71.45303,72.131,70.620602723
"860",68.1456,70.98853,68.92025296
"861",65.25527,61.7019,67.434334307
"862",70.41584,67.51436,70.087383344
"863",68.38452,64.37789,69.043081732
"864",61.89133,63.2825,65.704932753
"865",64.98391,63.47892,67.294828131
"866",66.21887,63.66235,67.929721067
"867",59.48391,63.94637,64.467278131
"868",62.77645,63.93831,66.159972945
"869",63.86507,63.94722,66.719632487
"870",64.56486,64.08187,67.079394526
"871",65.60265,64.68702,67.612922365
"872",66.28333,64.38337,67.962859953
"873",70.55256,63.91132,70.157671096
"874",62.14539,64.84282,65.835544999
"875",64.37906,65.33216,66.983874746
"876",64.35191,65.2375,66.969916931
"877",64.91304,65.47348,67.258393864
"878",65.33085,65.16309,67.473189985
"879",65.17545,65.35727,67.393298845
"880",66.10285,65.59545,67.870075185
"881",66.05004,64.70258,67.842925564
"882",67.38231,64.76966,68.527845571
"883",67.83999,65.55892,68.763138859
"884",70.27309,65.42338,70.013995569
"885",63.19263,66.54624,66.373931083
"886",63.66834,65.70133,66.618493594
"887",64.12671,66.12315,66.854141611
"888",64.71388,66.2678,67.156005708
"889",65.14662,66.55539,67.378477342
"890",65.94428,66.42398,67.788554348
"891",65.67785,66.50633,67.651582685
"892",65.95134,66.27712,67.792183894
"893",67.30819,66.42142,68.489740479
"894",66.69404,66.25827,68.174005964
"895",66.56885,66.1285,68.109645785
"896",66.80951,66.53558,68.233369091
"897",68.24011,66.32575,68.968840551
"898",67.5344,66.11991,68.60603504
"899",68.4157,65.87925,69.05911137
"900",69.09588,65.70978,69.408791908
"901",70.81036,66.10198,70.290206076
"902",61.68183,67.57237,65.597228803
"903",63.04493,67.4361,66.297998513
"904",64.34945,67.00761,66.968652245
"905",63.89336,67.21048,66.734176376
"906",65.48176,67.1921,67.550772816
"907",64.726,67.39528,67.1622366
"908",64.65128,67.44979,67.123823048
"909",67.47271,68.18883,68.574320211
"910",66.76701,62.74094,68.211519841
"911",64.98147,66.34954,67.293573727
"912",69.38684,65.69966,69.558374444
"913",63.7123,68.36264,66.64109343
"914",64.63358,67.52548,67.114723478
"915",66.00037,67.24632,67.817390217
"916",65.96621,67.21519,67.799828561
"917",66.49751,67.45383,68.072969891
"918",66.27177,66.93472,67.956916957
"919",65.67892,67.6832,67.652132772
"920",66.86814,66.97218,68.263510774
"921",66.73495,66.73049,68.195037795
"922",66.53357,66.75153,68.091508337
"923",67.05051,67.4346,68.357267191
"924",67.04958,66.92896,68.356789078
"925",67.55908,67.49282,68.618723028
"926",67.58076,66.93944,68.629868716
"927",67.51942,67.03135,68.598333822
"928",68.12592,66.91542,68.910135472
"929",68.57465,66.97758,69.140827565
"930",68.52484,67.14932,69.115220244
"931",69.20286,67.53093,69.463790326
"932",69.7551,67.52202,69.74769691
"933",69.91868,67.27928,69.831793388
"934",70.50329,67.56893,70.132341389
"935",62.83528,67.75773,66.190217448
"936",63.24504,68.10565,66.400875064
"937",64.44602,68.49664,67.018298882
"938",64.31819,68.5851,66.952581479
"939",64.73521,67.85579,67.166971461
"940",64.72352,68.60796,67.160961632
"941",65.97741,68.19156,67.805586481
"942",65.63739,68.25828,67.630782199
"943",65.83449,68.15401,67.732111309
"944",65.87064,68.18623,67.750696024
"945",66.61001,68.16064,68.130806141
"946",66.75821,68.6097,68.206995761
"947",66.77012,68.34391,68.213118692
"948",67.21373,68.65678,68.441178593
"949",67.09047,68.51914,68.377810627
"950",66.93359,67.72093,68.297158619
"951",68.03852,67.96986,68.865203132
"952",67.98476,67.75073,68.837565116
"953",68.25046,68.09745,68.974161486
"954",68.26078,68.64602,68.979466998
"955",68.21235,68.2318,68.954569135
"956",68.54029,68.18244,69.123163089
"957",68.50469,68.15011,69.104861129
"958",69.13248,68.13611,69.427607968
"959",69.21981,68.10048,69.472504321
"960",69.34385,68.53037,69.536273285
"961",69.41153,68.37728,69.571067573
"962",70.25056,68.17652,70.002412896
"963",69.68641,67.7452,69.712383381
"964",70.51091,67.93037,70.136258831
"965",71.29598,68.25872,70.539863318
"966",72.20218,68.33639,71.005740738
"967",72.33929,68.27405,71.076228989
"968",62.91628,69.5816,66.231859548
"969",63.93525,68.70027,66.755712025
"970",64.59851,68.93075,67.096693991
"971",65.47401,68.78663,67.546788541
"972",65.864,69.0649,67.7472824
"973",66.30684,68.99285,67.974946444
"974",65.77587,68.99516,67.701974767
"975",66.48386,68.73929,68.065952426
"976",67.31983,69.47357,68.495724603
"977",67.39901,69.08392,68.536431041
"978",67.05939,69.07281,68.361832399
"979",68.45161,69.62286,69.077572701
"980",67.7061,69.35683,68.69430601
"981",68.08389,69.16149,68.888527849
"982",67.58923,68.81413,68.634223143
"983",67.80388,68.9529,68.744574708
"984",69.25919,69.47561,69.492749579
"985",69.05302,69.5506,69.386757582
"986",68.70921,69.38889,69.210004861
"987",69.02788,69.57241,69.373833108
"988",68.94943,69.37092,69.333501963
"989",68.81536,68.92229,69.264576576
"990",69.91801,68.71081,69.831448941
"991",70.45072,69.2671,70.105315152
"992",69.96349,68.74473,69.854830209
"993",69.75787,68.81509,69.749120967
"994",71.38281,69.47472,70.584502621
"995",71.08122,69.69307,70.429455202
"996",72.74936,69.65334,71.287045976
"997",65.26855,70.46902,67.441161555
"998",66.01549,70.00607,67.825163409
"999",65.5142,70.61711,67.56745022
"1000",65.62374,70.51318,67.623764734
"1001",65.92199,69.97204,67.777095059
"1002",67.11129,69.92313,68.388514189
"1003",66.89727,70.46938,68.278486507
"1004",67.94195,69.91923,68.815556495
"1005",67.7274,69.71908,68.70525634
"1006",67.54999,70.61155,68.614049859
"1007",67.96013,70.20868,68.824902833
"1008",68.83038,70.27586,69.272298358
"1009",69.43917,70.18348,69.585277297
"1010",68.55957,70.5115,69.133074937
"1011",69.10638,70.50015,69.414189958
"1012",70.4814,70.24017,70.12108774
"1013",69.92992,70.001,69.837571872
"1014",70.04238,70.21726,69.895387558
"1015",69.56779,70.20554,69.651400839
"1016",71.01077,69.97788,70.393236857
"1017",70.62603,70.36632,70.195442023
"1018",71.46383,70.38931,70.626155003
"1019",71.62112,70.18593,70.707017792
"1020",73.87758,70.23168,71.867063878
"1021",65.00573,70.74197,67.306045793
"1022",66.30354,71.47899,67.973249914
"1023",65.86743,71.41695,67.749045763
"1024",66.86667,71.20207,68.262755047
"1025",67.15958,70.87987,68.413340078
"1026",68.06904,71.26557,68.880893464
"1027",67.57382,71.41653,68.626300862
"1028",67.63354,71.24074,68.657002914
"1029",69.41356,71.15528,69.572111196
"1030",68.87192,71.20588,69.293654072
"1031",69.07779,70.98515,69.399491839
"1032",69.81177,71.35642,69.776830957
"1033",70.01463,71.21331,69.881121283
"1034",69.56649,71.59639,69.650732509
"1035",70.254,71.25854,70.0041814
"1036",70.68296,71.53325,70.224709736
"1037",70.87874,70.92787,70.325360234
"1038",72.45099,71.54787,71.133653959
"1039",73.04359,71.07293,71.438309619
"1040",74.40915,70.86163,72.140344015
"1041",67.40139,72.67319,68.537654599
"1042",66.53122,71.77245,68.090300202
"1043",68.04593,72.64278,68.869012613
"1044",68.82772,72.48159,69.270930852
"1045",69.33069,71.9078,69.529507729
"1046",70.34676,72.18324,70.051869316
"1047",70.173,72.55104,69.9625393
"1048",70.80883,72.33861,70.289419503
"1049",70.7029,72.07098,70.23496089
"1050",72.35959,72.30647,71.086665219
"1051",72.3661,72.05185,71.09001201
"1052",67.17534,72.75204,68.421442294
"1053",67.84045,72.79178,68.763375345
"1054",68.9053,73.50606,69.31081473
"1055",70.3752,73.68578,70.06649032
"1056",71.18523,72.79593,70.482926743
"1057",71.41254,73.41049,70.599786814
"1058",71.70673,73.02077,70.751029893
"1059",72.60072,73.20758,71.210630152
"1060",67.57652,74.49237,68.627688932
"1061",68.55814,73.81263,69.132339774
"1062",70.95019,73.81376,70.362092679
"1063",71.99783,73.82642,70.900684403
"1064",75.17469,73.81739,72.533908129
"1065",73.07157,75.57544,71.452694137
"1066",69.92407,77.23474,69.834564387
"1067",65.54323,60.05859,67.582374543
"1068",72.56261,76.81927,71.191037801
"1069",72.15051,66.72684,70.979177191
"1070",63.22006,58.79456,66.388032846
"1071",73.2645,67.89277,71.55187945
"1072",65.81296,61.04946,67.721042736
"1073",67.70657,59.81693,68.694547637
"1074",66.99681,70.75232,68.329660021
"1075",71.33181,68.26774,70.558283521
"1076",71.78314,69.30589,70.790312274
"1077",70.73837,69.30199,70.253196017
"1078",70.30609,67.015,70.030960869
